node,label
3a06bb75-2f2e-4ee9-9068-259340515899,0
9cfe843a-98ed-4e4c-ba95-19522993da0e,0
8c5b64b0-8c0f-4cbf-9de7-e86a27a61646,0
b512b46e-6831-4281-bd6f-60e60b48ed91,0
9585ea5b-da04-4e6f-9f18-3dc28effce19,1
5ee54891-659b-4a33-b994-a413af4ca7b5,1
a3357e46-7f3a-4a5c-a57c-92ac8ee5b101,0
a9926c29-4f56-45b4-98fa-d3561cd73fd1,0
bcaa0af5-26b5-40e5-8315-70eb0fec7644,0
f1f57f12-3be3-4776-a880-9fe82d3a9416,0
a2deb549-12be-412d-aa88-3690d79c598b,0
e2cf8222-dd61-4752-9bc7-4d8f461d09f1,0
200a830b-1d6a-47a9-8538-8fb55950ab42,0
b0a38f09-bfd2-435d-b0be-096cbbf43a15,0
1f9e8733-b0b2-4b4e-ad89-9d0dcd3715ab,0
3100e007-cb56-4c5c-8239-07cd925ee6a1,0
3406b2d2-0e87-4fcb-975f-3046c5b83efc,0
b3f7a5dd-368d-47fb-af16-798873caa2e2,0
97f1af85-2e14-4745-80e0-f650bb623496,0
92d23c4a-bf9d-4a58-8ba4-6cfe41ecc57d,0
9654b605-7c8b-4983-a073-f204c00db9e8,0
e7dda264-7ff9-46f8-95a9-abfd8b70b55b,0
d3e9567b-c608-4837-ac11-3210fc53de97,0
a005f27a-e3f3-46d0-8086-c53d630c893b,0
969f161a-ec05-41fc-b56d-6c18ee929d97,1
fa33884a-e3eb-490d-951e-a229e451d780,0
fa74bb54-aeda-402f-94f2-c0c16ca1923a,0
0a860b79-27c6-4760-b69e-46b7362c788a,0
7263c6f2-8fdf-498f-aa78-645cbb93cf3b,0
59010241-d0f8-4c0f-b6bf-d6b266e4943b,0
cbd5002a-ab86-48bd-a95d-312b6af752f4,0
56a2b3b6-9558-4805-8c98-a426b12401ed,1
68703039-23bc-4f37-a916-801bfeca06b8,0
db381fe2-8289-401e-89ee-5050e3cc9261,0
7ab5094e-2493-4e53-b913-1ac8b15c31b2,0
952f3580-1535-46c3-856f-87b19cd323b0,0
8f063f48-67c3-4b99-8d15-b38c0befd96a,0
c40e5cbb-9f27-433c-997d-1c0d633cfca2,0
566a9fcf-a8a0-4c69-be7b-7a81e0f10aea,0
ef2a8318-c7b2-454b-a65a-15c7f6baec70,1
a2ea15df-4ed0-404c-8c45-dae41866759d,1
84f2a663-6663-4a90-bb36-752dca3cc86a,0
adba0530-2128-4a32-842b-0ed4f94d15a5,0
bc7dbc74-fb40-48d8-9602-87449ce3f0da,1
b8134475-cce9-4dd4-9a7a-f9cfd1bfdf61,1
9bcd35cc-810c-4703-ac26-3c47b316fc2c,1
8ab1aace-9bfb-4b85-8f00-4ffead423681,0
6d329988-0012-4dea-8263-bffb28db5953,0
466afa8c-5d42-49d9-941f-d91a5edcd748,0
bd1288f2-ef0b-40c1-8f34-d6a76b1a44ad,1
d6e44a8b-794e-49cc-ad58-a1ae493801ec,0
f3c64208-40ff-434e-81c9-8593181915a0,1
eed1a484-0682-4201-a1c9-42062405e5c4,0
0ed005e0-e160-4994-a220-3103b012e01d,0
9cae3881-2852-4691-a830-e4f06e10d1d3,0
313a54c8-bb4d-4533-bd9c-12fc5141efad,0
409b0bd8-3e0d-4333-b6f3-da71bfc411d2,0
2aaab38f-864f-40a3-9d22-662435ac75c2,1
c4592d41-afb1-4537-98ab-d0e59517aaf5,1
34abb48a-50f1-4176-91f7-454763448391,0
bb071e01-2c81-430f-ac59-0b6e762d8e44,0
b6ce911e-664e-4865-a0d5-5889c2203caa,0
6375b280-d75b-4d3f-ba08-de6e6a12c917,0
5c6ab0dd-49cf-421a-bed0-ceefd5ea97fe,1
a4416a17-c50d-4b1f-aede-e10cda78f1db,0
40798958-22af-4d44-8156-7e12d8b34898,0
4e401dbb-cee1-4fe3-ad02-8a98656770d5,0
3028f7a1-06ca-4ee3-93ae-579446786002,0
7d435e1f-8291-4610-893f-ad4d2214f42f,1
1c42d6f4-43ff-447a-9f6b-e9e6bf54004b,0
efd8a86e-6a50-45fe-9f36-8f90ce3f39c0,0
bb5b84fe-3055-4001-814d-d5f5f1606afe,1
c41660c2-6379-4fc5-9321-9fe865862f44,1
e19dacab-8a1e-4fa4-85ba-2d1270553c95,0
28bc6765-f92f-4ece-b422-1619e51fc17b,0
695b7618-5e3f-418b-8f6d-7e8e3c39860f,0
5105a463-62e3-44ff-9a4f-ac344ed7e8fd,0
6544b1bb-25a0-4f5d-be72-122e99227e44,0
2898f503-f612-4c70-a911-8a3d33dc83cf,0
71967e14-f801-4ced-9d0a-e978105b2964,0
1fcb5586-c63b-41ee-92eb-a70df3d7f33a,0
b03399dc-a090-4414-91a7-d2db44c0ed70,1
54354d5c-165e-4b4a-acf9-e784fd54f79f,1
5e2defff-e7c3-4bac-b158-3d219aa612ef,0
95b43ad3-3072-42d7-9594-2d9709080e83,0
29dfb5ed-2fe5-4b17-8ee8-f24f14053530,0
b5ef7fde-9730-48dc-b149-1b6c4bf34204,1
a0dc01df-36c7-48d6-a6e8-648ff378bc22,0
b0f7b5ba-8996-43f9-b508-b4fca3612d19,0
346aa51d-27d0-429f-b74d-6300161a3af7,0
ac6404c6-6639-418d-ae2d-9a9eff0ad99e,0
2de37f82-a3d3-4101-869c-e0a83c48f324,0
fc8c39aa-0f35-424a-8cd2-9973dbf4573c,0
a8c687c9-555c-4ba3-a873-e13c6339a82d,0
2d4a853a-bc8e-4ee3-a524-44ae4e3fb39d,0
a77b80c6-db43-416c-bc24-37453d730869,1
46310569-8361-4899-9e0f-e54fa9ec0455,1
f4dc1277-fb1a-419f-a79d-368fd14898cb,1
aaba56c5-991f-4d45-8add-7eb00636ab22,1
c999c9b5-9fcc-4cd4-835a-f5936f6129d1,1
f7547469-d9c4-4a01-94be-c68d2591294e,1
15558eb4-1abd-4c60-b05b-21af0df0d46f,0
eb69cc40-4d16-4a69-aeb7-81cb77560d68,0
2cc21db1-253c-442b-a437-478ca189dc71,0
f96e6590-b3e2-4b82-86ca-0388155de47a,0
58ff714d-0350-42bd-b47b-120a36830e8c,0
21f5d36e-2aa1-4220-86f0-14ba435e308b,0
65c60c3e-885c-48fa-b3d7-8ede0219367d,0
3e25a273-7685-414e-9b6e-3a6239f68d8b,0
15a12b1d-a43c-4ae0-8e37-0cc2116216e3,0
a234f018-1c06-4b42-a860-4f76f2539961,0
c44e278a-9ec1-4ba5-a13b-39eb86e5387f,1
d40cddfa-5ca8-4fd3-bc43-048d7db82485,0
37efbfcd-d504-481e-ad25-612658232ada,0
920f3b31-f731-4d66-91a5-b8a2374af7f3,0
fc3d5f73-6af7-4172-b433-ea355b0552d6,0
b8429527-2e70-43a3-8cae-ec2e05508f58,0
90d6b3ee-ae4c-4dfd-b0ac-09082d1402af,0
24dc2f10-e9e7-4f1b-bc34-510a375a7f55,1
d85c12ad-37b4-4422-9a7c-8c104815dd7e,1
14287b7b-3916-41d1-9b99-bf5c4878f6f5,1
385942dd-e07d-494a-b1e4-e931475457ff,1
dad58b98-92c5-4a5b-b5bc-f8684059f90e,0
353bde24-c3a1-40a3-8302-33980e7f629b,0
cde6ee17-8cf9-43f4-9235-8446400da180,0
b79671e1-2488-44e0-8891-4d01e153bd6f,0
a2860448-5d61-48bf-a2e4-1c66678332dd,1
a4933168-4185-414f-9fe4-2b3722b0010b,1
3ab31118-0039-4ad7-8945-7322acbe3584,0
3852cf06-8060-4147-a85f-5552e338602d,0
a29f8570-fba0-412a-9e2c-43424ca1422d,0
d7ab87ab-f9ca-4ea0-b258-36e9b09b8a59,0
d1b014eb-dda2-4a08-98ba-de73876a94f0,0
f56d39de-a3ba-468c-b8ed-5dba41b257cc,0
960a3dbe-f8f3-4008-9fa4-e566f4c07bae,0
daf6be56-d8c3-478f-b72a-714fea9ffbc7,0
57fd9055-0927-47b6-96c8-c78b043fb6c2,0
86a35a3b-f77f-49cc-9787-04ca2e9595c6,0
771add26-f37d-4e79-a848-dca0a345179e,1
e01d5625-cfdf-49bc-bbb8-2d0c464d0427,0
b90b43f7-2213-41dd-993a-2ca4fe9e80e0,0
69b26c5c-dd1d-4989-be59-af3c5db64871,0
019edd3a-842a-4b91-b219-e55d576a2162,0
09e5365d-fb61-48f7-9378-1e6a157896a5,0
8cfda83b-8676-4e49-9df7-37993aa70e95,0
7f984621-e5e5-4f19-b6f0-69f903815b43,0
847ac9e0-6a67-4693-a605-303e794ea7eb,0
bf29d503-facf-4904-8d6a-b54b94000dd7,0
18005b68-478b-4509-806a-c4542d9b946c,0
461d9a83-cd2c-4ede-a009-cff178c044a4,0
5d097480-f197-4d9c-a0e3-73c8148aa084,0
9c0f9b6f-200b-4834-a252-79e7584ce706,0
46d51111-f2fe-4fc8-9901-4c11eb0cd4c0,1
35092cc4-0dd0-4831-9d56-70f6c1412157,1
31cdd321-6ba5-4496-9472-fef41db3a920,1
fea35eab-e6bc-479b-a866-c62fd96182a5,1
a54fd5b9-ca55-4846-bd0a-c4d064ccc3f7,0
ea4f0618-3d2f-4b17-9c64-a43e591b5c19,0
2e0ed34b-1a8c-439b-ac48-cb6d5b180e82,0
e9ccfc3c-1d84-403a-88c7-19e1d06070fe,0
038dccf8-45ff-40f6-a727-fda6e4e53a31,0
566f3f55-661f-477d-a736-3e0f24d1cb34,0
b84e8718-fd16-4438-ae52-fad3fcc8e03e,0
38091e47-45a9-41b4-9a40-e40b4b7e72d4,0
2f5e59e3-16db-4a8f-b7b2-a426bb20a93e,0
51d2aaae-cb8a-4142-a0ae-6a593b09f497,0
83747baf-474a-47c1-b42e-283124b013f0,0
c0ee2677-6f6b-4ad0-bbdc-e1874aad184f,0
9ca7f017-93fb-42f2-85c4-3a3f688bb51b,0
e42faf0a-57c5-4d11-8f3e-307bb8216c23,0
10d54f1b-82cc-418e-8de5-26f022be8784,0
116ad77c-259d-4d13-9ea1-e54e7af0b41a,0
909261ad-4868-4f0d-9755-2ff21679836e,0
973c8dab-f7ad-46c4-820b-3d225d5741c7,0
1a2cd644-7e1c-435f-aff4-566fb3b997e8,0
fd80e820-2b4a-4c3c-b3c3-9106789e986a,0
314ba54a-9807-44d2-bc3f-2bd46d3b65d1,0
1f374374-33e6-4989-9ad6-ef27e67bc1e9,1
32240f6f-d273-4796-bf9d-ca1d6163c977,0
66b080cb-dde1-4da6-9699-9a3e0d4cec5c,0
ebbdb2a3-926b-4d24-b7ab-a9c3f8db114b,1
e9643c09-6eea-4a27-b90f-302e57d73fc3,0
bd83c40b-af62-4019-b50d-1c3ebaf10ec5,0
04e65573-0ec1-4489-a8b4-2542ed32a46c,0
ea1aee30-f9ff-49bb-9e3d-823dc8bd720a,0
e310e713-1a81-4834-b1fd-46257df2e4a5,1
d35578d5-9354-4018-a4eb-4a7c555e501b,1
f12ea807-2e8a-4f4e-8c65-45ff97aa3744,1
a56d4128-b8b6-4beb-b989-0ba94b4242be,0
2d2846a0-56b2-4d84-b8f2-ab7def899c3c,0
d6d05536-63f5-4ca4-b345-b526d41e9258,0
61db8b37-c49a-40d7-bde7-177ac1691e3e,0
baf1c254-b797-4103-a97d-51d9b26809fe,0
12d98d01-1e05-4c20-a354-1751442b3d8b,1
3e9bd823-0c20-47cb-9510-d9fd52ea255c,1
43df041d-e911-47a2-87e2-12f33fee306e,0
de21723b-67f1-4eb6-94bf-f3fcdbf88341,0
28a0f63c-b78c-4646-82f8-8ede8cbe0290,1
9d5b0caf-ad9b-4589-9728-cafc7ee09a2d,0
cf7044ee-69ee-4886-b60e-225dff71c590,0
2e03e71d-596d-49fb-9cee-5d86442b1346,0
27a22612-ef31-4c78-b871-b43b5ce3ac66,0
61212eb6-1a76-4f51-926c-f51da8d2b209,0
7ba01125-f814-4301-82e8-c14805d61410,0
dcbf9c7c-51f8-4d39-b578-1662a4300bb5,0
cfb4ced3-1257-4eda-b09a-f6bfc03e91e7,0
f9cf0dd1-da4c-4216-9b63-1997dd704e32,0
912363f8-3bd7-419b-9360-d2cea1612ac9,0
6a6276ec-aedd-4a52-bf0c-537024964438,0
fe882ad9-2954-4eb6-9131-4cfab39a49ce,1
0943b7ac-968e-4855-81ac-353979d3320c,0
62323e59-5db0-46f0-8e7e-8233877a92ca,0
67927b0c-268c-4f0a-b186-1cac4f64fdf4,0
cd131d70-2a6f-412c-a9e2-1a6b548813fa,1
e1ed3b38-7341-4444-a14c-6e46d54b1ddc,1
352ae332-242c-4b6a-ac8a-7881a9c64353,0
fc676879-e55c-486c-a60f-6d33e152dd8e,0
1d7e8d54-44c5-4006-bb53-669d9aca1df2,0
b2b419ba-00bf-4938-ba4a-d1785e962d69,0
000fa127-d6d6-4f5e-b174-73e8bebdbb74,0
3d6b580d-6917-44a8-90a3-fc0b2dca9ca9,1
69807b85-f59d-4fa2-bfd6-e8201b798ff1,0
daa14582-9696-46d0-a18b-938c78977409,0
8ebe4172-4e2f-407e-ac75-a0fc7dbc4ba2,0
c29764b9-236f-405a-8124-6c38663ffab4,1
6b8ed8aa-2e2f-463a-a0a4-d04f546b2a81,0
a6d841e0-6f84-436a-ad2e-2a096ab28b50,0
9e89bca2-68e0-4fe5-ab5f-ed8d25582efe,1
60f1493e-2d7c-430c-af90-24d4cc8d9629,0
337f0a2b-e759-4b6f-a1ce-2df1a3bf06a4,0
54cd1627-d88f-444c-84f7-9e97077ef4a7,0
0a793d66-a060-4476-aa1b-df822b614fbd,0
179bdfa0-2173-4da2-90b9-c9761208b6af,0
93b3fccd-c5ba-444b-bb18-e7c874398008,0
9aaf1dda-7fb1-40dd-b6a5-12c7ea2a7b60,0
50d52849-dfe3-45dc-9b70-11733e460afb,0
e69c23b6-1097-486d-ad17-3862fe253491,0
6aad36a6-5733-4bdf-b261-973e43ebe4cd,0
5a326076-f7b7-4ddd-b673-c6284b89b7f7,0
23964c88-9f73-40b7-b84d-6a2d0b2b1a46,0
bda32ff0-a6eb-4e3d-b117-67e18334ffe1,0
a38edda7-5ab4-4081-a43c-70965a776e06,1
e6f2bb83-f542-4a83-b475-f743f2876be0,0
89683f4d-910c-4b5f-843c-0e6a16e24cb9,0
f9164d41-46b9-4f19-87d0-bb866cf0723d,0
a394b507-94d4-4afe-8c4b-0c6cc4318730,0
696ac36d-b1ee-4456-9c77-c3d4a3bbb93c,0
5ac00a78-89dc-4d21-bb1a-5db1e0effb70,0
b8d01e8d-684b-4322-a6c8-772c4288bd0e,0
16fc66a5-a8e6-4dc1-be6d-52aae14a172e,0
bf40af81-a8db-4410-ae39-b677700310b1,0
437f1015-1919-4e64-8546-972e75d0efea,1
841cd45b-9ae4-4f7a-95a5-98094153dca1,0
88a0423f-911a-4f40-92e3-c984725f80a4,0
973f289a-e581-450d-9fdb-0996da992d10,0
2da54410-0809-4edd-8b5f-4a9c5ab9cc74,0
3add6672-2910-4906-9845-a14d6604ec5c,0
d066b886-db70-4db5-8f88-f650ec7b0ae3,0
675d3c77-6dbe-40a7-9974-938df712f072,0
b72fbb95-71ec-49e3-9644-50df29a35b1b,0
3ac92776-7440-4781-b1de-a5252635c2d4,1
d2e428e4-74cf-40a6-9080-a91ca7633b86,1
33c4c67f-ba8c-4867-a674-2a955c9d81a2,0
053d0af0-6069-424e-abf2-8ba603f2cbb8,0
60615b3f-1832-4191-8746-ef263eee36ac,0
44bd7922-1c3b-4e24-ab8b-80f45d214fa7,0
dfa704b2-f494-428a-adfb-785bf1bbee0f,0
db34feb7-1007-4f69-aac1-29d0325ac035,0
05f20aa8-21d5-4586-b978-a84555d03687,1
429add12-2fe3-4564-b92b-0324696ae93e,0
d897a99a-ec2b-40b3-a51a-9ce8305ca937,1
21dea061-d6e3-4aed-a407-ef7b067c2ff8,0
eb1359f3-057b-421e-9b9e-512de8c2293a,0
038bf28e-8a5e-41e5-8bbf-4a0772a67744,0
375796e3-878c-4605-b224-4c721644d648,0
8f41f6c7-40ba-4260-ae88-e60c946eb506,0
5e786d5d-0b94-4d37-b1b9-e04f5dc01c88,0
767a6836-6c7b-4d97-8f3c-0d8d7d9d9486,0
6f4593f9-b544-420f-8305-65d10c93114c,0
0bc7a162-dbdd-4449-b9e6-636ee99ee587,0
b143f05a-0314-45c5-8a22-996397022b3a,0
ab26898e-e969-4838-bd7e-4b9170ca4e04,0
504d5e89-df89-42a2-954f-1815cd9f6abc,1
bea74781-2ea6-4dff-b14e-e3d9dcaf3ec5,1
6647dc01-2d20-4299-97a5-6f58bca9192c,0
18c1f7b8-f203-4c5f-ad64-6924d5e01249,1
63a54f7e-9047-4f71-a9d0-94801bf06a1a,1
fc5eb2ec-b607-4402-8a13-3069b8e2b679,0
cf899f39-5d16-4891-837f-6c78b127a787,0
954cd515-218c-479c-b9b7-cddc78ad18f9,0
ec93ddfb-e5c1-4045-a009-460dbc0913f3,0
f1bf2f4f-f9d0-4df1-a475-149152a5bfcf,0
69582bc4-8476-43c2-881a-e0d2b10db79d,0
db01dfc3-f2ad-4608-9356-a1c8b650b7b9,0
af88a2ab-46fc-47c0-b506-7caaf311789c,0
391f62a6-cf13-48a2-9805-477ecec9d7c7,0
26e2c5c5-4517-444b-bbbe-e5aa11957f9e,0
a3d3f677-1c66-4a75-8cc1-5c42d94d8c28,0
ff472f50-847c-44c0-8968-d0ac0f7133dd,0
62132b81-91f9-4f7d-ada4-dfaa733222e9,1
7d202f3f-35fc-4f4f-a1e5-c6f901d3f1a8,0
5f46cdbb-5eea-41fa-a4fe-0b254f110c5f,0
1405b37e-7d59-4fbc-bc1d-e434a78aa2fc,0
1fe570a7-de16-43eb-8b3d-95b17e04f704,0
3750acee-645a-4d98-8d27-26a28d60e2b5,0
b94f46f0-f2b1-4978-8093-bafbb4c3db73,0
f77378ac-bd1b-4781-8d95-b23d2bcc6e1b,0
01f767a3-165b-49c8-88ea-73b94a0a177b,0
ec6aca9e-0536-42fa-87b9-4a661a5be378,0
fb7b72d5-06f5-44fd-80dd-bce28bafde77,0
d9dff224-9d46-4fd7-b630-209b73418a87,0
700f08b9-0486-4cbf-81ab-548d4252a441,0
35ba0225-0442-42d9-9a41-8ef012472aa5,0
b1320263-cf59-41a2-9050-b6a37b6d4a54,0
01c51b20-eb30-4ee4-ae12-3985be603035,0
15aefaff-a4b5-4fbc-9945-6f471702d55e,0
fefa075d-fbdc-47d2-9297-28640060d2f8,1
2b383da1-80d6-457c-b0d8-e6600a473482,0
028ab8cc-73ef-4a0e-9ef2-db2cfe457af6,1
d385c2c4-86d0-425f-972e-cc6acf3b0a51,0
733b9d7b-bc47-434c-970a-5c304ddf1eb3,0
3426d9d1-6173-4a63-ad10-d1de440a3001,0
d9a6c8d3-45ff-42cf-84d7-41544f360a70,0
557c2d0b-fca3-4724-8fd3-e08d53c62254,1
bbc0cbf0-f5e5-4630-ae97-cdc3bbe2bb63,0
a06bbda8-9012-4e9d-8b9b-ebd1212e88ec,0
0e1d3d6e-2ecb-4c58-a6f8-d3aef6b7172e,0
7e0943c4-7389-4968-8a48-75ccc543027c,0
f68285f8-12f0-4328-aa76-3ec41379f2cc,0
4036dfc3-0cc1-47d2-99c1-f1fec1e18cb2,0
6fe16fa7-804c-4fb4-a31e-54537f81e480,0
d01df15b-b9cb-4640-80b5-68c5da390e16,0
5e736c23-cc20-4e57-8372-5fd7617168ec,0
1d4224c7-dfe3-4ad0-88ca-6e51709182e9,0
5c459cb5-962d-4983-97aa-fdb5bec96db9,0
2fcd219c-b2c7-4cef-8127-c8aedd7dfe8f,1
a30b6fce-95bd-4813-9012-292a265d022b,0
a46242ae-2dcf-4ca5-aa7b-4472d628fce7,0
e75f3c76-b5ec-43fa-9671-69a1d53cda20,0
333be35e-ba32-40ce-bc8a-520a8301ec2a,0
b5e384ad-e96c-49d9-9842-a42213f575f6,1
0d026fbd-ab8d-4fc2-bced-8d26c1d09fd4,0
074f6c52-bbd3-4fac-b6ca-096f191d75a5,1
89bc2974-7e9c-42be-a5ec-688112eb7f70,0
74898857-294c-41b6-93a9-fc494e2f25dc,0
8047acaf-60e3-4327-a943-12923482ef79,0
d6de8199-b78d-492a-a743-3d6fe634c6dc,0
2494f9c7-fd69-4dfd-8fb0-1a87769a38c4,0
c63b0282-d3ee-42ee-af6f-93f1de842cc1,0
8a03cfe5-7270-4563-a023-290d0da52333,0
f4f7ffbf-2950-49df-abfe-2132af8485d7,0
226dec00-a670-457a-827d-961fbfbae202,0
ffcd28ba-a296-4cbe-b6c8-e60ba6d81368,0
75e92848-cd64-4b55-ac04-ff44c37603a3,0
4e0c2d2b-e323-48d5-90e6-980545a1ea9a,0
72c35676-7ada-4e03-8309-1d678c521863,0
403d8437-a30d-4c76-8b36-4a83341ed46d,0
ac81a816-dc67-408f-935b-509cbc0713ac,0
d4ca7fe9-b3c0-4cc6-b68e-369e369ba160,0
e991a302-94db-4336-938e-f1227f6982d2,0
39d87e96-2d76-463a-b88a-a9b4d1045e15,0
d484abac-2bac-4502-9a8a-fa59e4f20dda,0
e3e45966-5543-432b-8599-f5beeb8827db,0
7f152579-5459-490c-a522-2185c2643664,0
493faa4f-2db5-4238-8224-072c4e50c927,0
0a783850-c15f-4923-950d-754eb5eef875,0
52f3fe1f-fc39-492a-9db6-c9f1f10c854b,0
059451dd-2c99-4a64-8ac5-4b767d611d7e,0
b915b1cd-591f-44c5-a6d6-6ae55d3c453d,0
679285b7-3a59-4421-bed6-e39a08c4119a,0
6bc562fc-7fe7-4147-9e40-f4be19284837,0
7a0c1ac8-2873-4121-bea1-014a42ac8cde,0
2f897504-a135-4ff3-92cc-e1040dc908d1,0
9518a912-0718-41b8-8bcf-3807787197e6,0
7cffba6a-1cb2-4716-b067-0bf434ebcd10,0
ecb7321a-295c-4810-80e1-f5956b67f700,1
42f8b429-e1b6-4c0b-afa8-99135cf38305,1
0e545d26-13f6-495e-82f4-f30c593f6280,0
be46af5f-dbd1-4cd9-9bd3-e1e134328608,0
b4fb95b9-b457-4b65-9103-b63fe094181b,0
42f0e1b4-9d1a-4711-90fa-75910a9967c1,0
a35fe5ac-01e5-4106-ba37-98682dfdae13,0
3088ae50-9e3f-42a1-932c-94a70383a1eb,0
2c89a464-be6f-4514-b4c9-1c6895275dcd,0
c9f88c3b-171a-4492-9de1-5f974dfe2805,0
02c2bec8-f71d-479f-87f2-ff4422cd8566,0
eaacda63-e6b5-4000-8db5-de2f4cb50ed9,0
21b0ad3e-d1d0-4141-804e-4aa66cc59a9a,0
fc37fb84-8fe9-4412-b7aa-e0d0d6f7b57c,0
aefcaf5e-55af-456c-b57b-040b209aa284,0
646b7308-ced8-46bf-abea-aef07d9204b7,0
9a45fb06-ddce-4569-bfba-08abfdb832b6,0
ddb78ba9-2ac0-4f56-997f-63c140c72eaa,0
824118ef-78d4-4c3b-8400-05eb61bc1970,1
d8b8411b-6af8-4cdb-93bb-57d96a0db425,0
d0377f9c-206a-4b2e-badc-13736c17a0cd,0
238c712b-6214-419a-b285-4638ca17488e,1
a0a8a233-bdf8-4fef-bea4-908ff72d9fe9,1
76c15735-0e61-4cc2-abea-1fde58a4b440,1
8987ca8e-5f91-4bb1-85c3-b11054dbe127,0
14f823c5-c62c-4010-9c46-8b3a5ad09709,0
cafdeb75-2882-4f27-b408-056c258464f4,0
fee63b6e-d4f9-4ef9-a5e8-82224923730b,0
3328395f-f920-4be5-a3bc-dbb91dec0e8a,0
749b58e0-413d-4914-994d-aae1fb39f887,0
581978f9-2759-441f-aad6-8a8ba0a2b54c,0
87b2c4bf-419a-4512-86e2-c19bfa3562d1,0
1c720364-99b4-4ae3-8a8b-04b063022ddd,0
50e136aa-c1a2-4e00-9c20-1d4a8db2a836,0
24c4f202-a9a8-4d0d-9377-dc587f4f6881,0
02669aed-6814-4b3a-b78a-d27e93dcf2e2,0
c14ab00e-e3fa-4b9b-aede-d14717950ac2,0
7261639e-0272-4f16-9cc2-6e9645c9d3e7,0
8c9303ca-4220-49e2-98c9-2d5a6fbaf502,0
126ad195-d266-4045-a740-e9093e2ab701,0
4a3dbb82-c1c4-44db-a482-cc548e97ff3b,0
2c7164ed-d609-446b-a727-2cd090d15559,0
bdf769cf-3586-4064-b754-8a88b960bc9c,0
0423e0fb-2f30-4abc-b6f2-4da2be0b47f2,0
eb2e9099-4da8-488d-9749-c1d8aee67907,0
d207a22d-7a0e-44da-bd0f-43f3d7d5923c,0
f5d6bd56-a72a-495b-912c-e602c0482dc6,0
d10b07df-581d-48ab-8170-64e8dfe14d37,0
2289012b-c090-48a0-b76d-eaddc66b7841,1
239a1e9c-e7cf-44fa-9003-6e18d6ef2b0e,1
cdb6959e-7d88-431b-b37c-0515f83056b4,0
cfb75648-cb3d-4e2c-b6c0-ee4c2bf3b75e,0
25823c6d-ffee-4667-b630-5436a8197eb7,0
d0d65f03-573b-4f76-b688-c81373df6cc7,0
27fa6dc1-5f19-4b98-994e-2cd20d01523c,0
badffe76-40bd-438c-8a83-84a52ef4bad1,0
9ecdc707-d111-48c5-b7bf-ce6a0a30a8da,0
3200fe2d-9c07-4ebe-86a5-921f4215bbfa,1
e9afeafa-7b95-439a-81ed-987116df5454,1
6e2986cd-c7fb-47f7-9a39-a5280635c9d5,1
3aabdd0e-2bd3-471f-a2b9-ab6f387f56de,0
d7190f66-4541-40b1-aa54-274ec1ec97f7,0
e90875bb-b532-4057-b66e-b75d6b081901,0
b78063f8-3c3f-4186-b5c6-b204a9e16adc,0
5218be48-084a-4870-95f6-3ed1edcd6a11,0
540abd5a-d8a9-45f4-9cd6-750e0764fe79,0
4aca290c-7de9-4456-9a1f-4fe9253e55fe,0
34315d47-5a3e-4efe-afb4-f9bd2f363290,0
1bd0577e-e11a-4e34-8a2d-a94228d94bc5,0
c4375df2-d55a-4a5f-8729-efb64ccbcf9e,0
9861388c-6c27-43b6-80a4-366dcabc64fa,0
99034229-d799-4f06-a23b-a4f4986daf5a,0
2ff255cb-d5e5-4e6f-99f2-611d80f62476,0
f27933f1-09e9-4512-af28-9b3c2becff54,0
dc385e33-ef5f-4c43-a6ef-09348f9a6170,0
879cbaf0-8bce-4729-a118-39de5a267f22,0
e7f1ce29-cdb5-4246-8bd1-35ef5064bb81,0
7a7b0a7c-8037-41c0-b1a9-81ce73549cde,0
a2dec1fd-7ea5-4592-91b9-4dcdeaf88959,0
1905819a-7b57-4076-8762-7812765c73f6,0
a3090bea-1b5f-4135-bea6-f0203e1f5489,0
73c12d14-9f85-470b-ad95-6bda7a38288b,0
bbe90e56-acbd-4303-b5bf-52a0b4f14708,0
a4a031af-9c18-4ccb-9b29-ce76b3b61004,0
95050a19-ebe8-43f2-aff5-cded4d564712,0
f4c28631-2f7a-4c53-be87-32caeaae3dda,0
4aecc9fd-791c-447d-8725-03804b03a80d,0
67197655-674c-4129-a829-34b91c797451,0
91fd045a-1855-45a7-9cda-d792f7968b04,0
91e3380e-6acb-4eb7-bd35-65c22d522489,0
6bdb4edc-7188-429d-b7ad-f3ba0408ba93,0
3df6201d-a43e-436e-a2be-f8b23d6a749d,0
ae82b265-f55a-4029-a870-0b62f16dd9a4,0
8d39933a-bccc-4e6c-bc00-505774939ba4,0
a353290b-88ef-4195-87e9-af407aac7f54,0
5d21b4c4-a2a4-45ed-a885-514256264003,0
7f401ee4-9672-4bdc-bd40-e2d13b93e141,0
8597e1fa-a899-4540-800b-75ab887e8265,0
a51a165d-d711-41e2-96e5-f39a83d8764e,0
42b0cf3e-749e-4fb0-bbc0-375541d0af41,0
3b5a6a7d-b5f9-42f3-a2ec-6da5f609cf40,0
67afe82d-5250-46d1-a33e-337d4505f0b1,0
3e0dc8a8-c6a9-45f7-94a7-088a0aea78ab,0
bb4fee82-d5d5-4f46-939d-941a40bf5823,0
bb6c5872-7a49-4a5b-95ab-229d0c73bc2e,0
122b3631-faf8-49fa-817b-fcd8aaa3b8f5,0
6acd3f84-01ec-4e97-9610-66f4d9286150,0
c0c85d0f-d1e9-47dd-bb03-c8a30814e2eb,0
a2646b49-2000-4b46-980e-0b314b834cea,0
a22e232d-ffca-477d-adf1-27c93a693c0c,0
9d4f7f50-710f-42dd-9f8f-9dff5c2fbe95,0
a41c2ea8-1ac4-4532-a486-c168d0c75abe,1
3f90c8de-4214-4154-9b9e-5a685986a662,0
8b014fb4-6fb9-4435-bf47-c683a678917e,0
0e341cfc-8146-4c09-9ed2-ff46de03c8ca,0
8fa4f6e9-5c09-4b4a-8955-108445d66aff,0
5bc35a52-80a4-49f9-9d14-14262954582a,0
b536c874-2822-4a84-bc5d-8e6b4e44f6e9,0
9b1cf560-daaf-4145-93bf-5ecaf174b599,1
2368457f-be3e-4a56-8d61-486c64db4942,1
8822070b-01e1-4ee8-9a77-0d7189646811,0
a477bb6a-7e5c-45d2-ac74-1497aff79783,0
f681687a-71b6-4db3-9df4-6b78bcd8efc4,1
ec04aab6-0fae-4c87-818c-c0d21f0d268a,0
79e68a2b-e96a-4769-bc17-3554e97746c0,1
d700d3d7-3b6f-40fd-b74a-30609e0cd62b,0
696ede69-1f87-496a-ab72-eef442763369,1
5adcbf7a-6523-4815-b4c6-ae7c6c4aeb22,0
179ad224-c01c-4c8f-a07e-c173136c2e90,0
846e5506-e250-4348-9b0b-769738f739b9,0
532bab28-ba10-4a12-9d73-4821f5508330,0
4ac3f3ae-d38f-47c3-a64a-61558d816c22,0
4200e595-ed1e-41a0-8ddb-0defd26199f6,0
1c877e92-ae59-4765-b107-1e211eb1b40c,0
41519d61-815c-48f2-b6af-720060723154,0
2e163db5-6d94-4cb3-bd88-7bfe7e2402a6,0
a31fda65-4de5-49ec-8091-797431cd19ee,0
d85730cc-6941-4dd8-b27e-558b84e0a5b4,0
6e49fc67-76f5-4379-87c8-19831ad9972f,1
6ffa1e1e-9658-42fb-8681-245edc482e82,0
d1b09f93-24c8-410d-9d04-3f32b331804d,0
df658859-4871-4339-90f6-ac782e17e838,0
6dd8bff6-1979-49ab-8211-24e37c713392,1
4a7c0ad0-d9b3-4539-bfdd-f251d7e032af,0
f27137e2-71b3-47ff-9dd1-d0e9049d51bf,0
7e91a8cb-aa8c-43d4-b1d8-c9c60fc5ab66,0
4b442d0e-32ea-4aea-8720-b7f878dded39,0
056c5b1c-d088-4602-a637-1bf77bf295ff,0
b3e80378-1b44-4063-95c0-008d697631c3,0
0f6f512f-3557-4064-992f-3bc05d4a2c3a,0
a3b40659-8f55-4c94-8378-5f2f81206b52,0
5a73915b-2135-4c3f-b069-f33a7b54d4fd,0
0f82ca6f-bba0-43c6-b387-79c9ca2f1b7e,0
922d48b9-c23a-47dd-bf46-54a4ca58837d,0
8667660e-eec1-401d-a2a5-10ae66b7c83c,0
bacf5855-f40f-46d9-9a92-b86bf5d3713d,0
8b3cf6d6-cd8d-4fb6-8c6c-de51b8fbb74c,0
289348a7-2763-46e9-8e12-d908d0df89c1,0
907c7d23-5ca4-4bd5-b394-657ef043cd47,0
f2010b50-71ee-4885-abb8-b537d799efd1,0
f728e879-9387-4342-87da-5b19ec9ecf2a,0
5f288773-6dde-4a21-9db4-76e99342df49,0
2d722e6b-e462-4026-aa3f-693dbfdc757c,0
13e799ed-b50d-48f1-a09e-90f4968c1c4d,0
b3679f2d-f41f-4d89-bb74-a19507f77f02,0
ce07253e-678c-45eb-b6ad-f27f491bbf8c,0
1678fd4a-e7eb-4e40-8700-391a5b136a74,0
02726e0b-8e0a-4542-ba61-8ef9842647d4,0
26ad8375-699d-48ee-8128-ae8a8d3a8cad,0
a8d5b5a7-6c78-4ada-9ab7-278c8d056a45,0
88461f29-a749-4aa0-9e19-e620e72dc7aa,0
84fa6d42-7ab7-407b-b662-15ed47c50087,0
3b00289a-5451-44e2-9e57-10717a6e7102,0
b851a31c-1862-4c6b-828e-c52900188821,0
7a1b136f-d9df-4e61-a2cb-28f6f1b9ffc5,1
ea247b7a-3ccd-4968-b5f7-b6c4ab4d843e,0
9829b437-3381-45bd-a0ef-e6ef66fd4e7b,0
84f8c47f-90ae-4361-9afd-e1b5967f17cd,0
dbc99ebb-6f41-4d08-a888-e271a61db075,0
f92a4bcb-0c2b-4867-a365-0cf605455b58,0
e555a61e-b865-4273-b2aa-9af9ce9914d3,0
bb9edb7f-10a6-48f7-97d1-79498588c651,0
2833f890-18fe-44eb-8013-c9c102053573,0
e3e72393-746d-460c-afc9-ee8a0ab81a92,0
0a9e21cc-f2a9-4455-96be-9830aef0630a,1
97941735-db24-48ee-9e7a-571dc4d60543,0
97051c38-3670-4f22-baea-c88f45646eac,0
de1e7543-fabf-4aa0-8897-34e816702047,0
cb99d4bd-c5a4-4ae6-b547-e35d46130018,0
63de04e2-6ac0-43b4-8123-4ae1751abbe8,0
a3934e81-cebe-40dd-9d36-a0c8fe9cedee,0
d3027dec-71ef-40fe-890c-e9f4f6175139,0
dc256941-09c3-492c-9e60-60dae1b3262c,0
41dcc873-a948-4f16-ba47-788474e48f02,0
a056ed98-c300-47f9-b4c0-0f75602283fc,1
428ab6a9-3963-4ffe-84e7-a52b2b4bac0a,1
57d81c07-0fae-4b99-bd5e-f8526d053143,0
d1163af6-ee25-407e-8845-6865fa300278,0
c68f8c46-e58f-423e-b5e8-dae49e7b5339,0
75dbe5d5-03f0-499d-86b2-ba9d66c9af02,0
3095ca80-8c2e-4c17-9e7e-48cd5c52cb87,0
b012ab86-2715-4be9-b2bb-828fca3084d2,0
a81bbe8d-3433-49d0-ad1a-3acbb3f1953b,0
ba75fd0b-c86d-420c-ad47-54a3c2ed3dcc,0
9c2b4ecc-619e-4235-8b50-e9d9210b057d,0
53ee7467-d5f4-4f57-af3a-8f9452fbdcc2,0
1aa94ca1-b8a6-4ca5-95b1-1ec845aedcfb,1
87fabc02-5219-44f3-9a73-5d657c046f18,0
27b9036e-7aa0-4e58-acfd-203904460323,0
1cb7ca75-5c0f-4508-83ef-4816e71bf8f3,0
1303ff97-cb63-42b9-a3e2-498e037a7a60,0
6e207222-c266-48e5-b235-de6b73005fe9,0
63bc9281-5919-4252-ac91-e78eca4d0fbb,1
d8fca07d-4e8a-4611-8da1-0988928761ae,0
ba25e22d-68ba-4bb2-922a-882cf2ba0537,0
2999a236-d71b-4168-9635-b03c8cb7c96a,0
95cedb48-8124-4cba-a190-a04a4bfbb92a,0
a5757bcf-b85f-433c-90b4-30d4d0c603b0,0
60a6ebee-90fe-4eb4-98a5-939676859320,0
4410d9ce-ff5a-42b2-80c7-929fbe72f317,0
0be9b874-9ec0-4aee-8f59-97812a39140a,0
1b13a4b2-bae3-4c75-a6e1-ffc652e36907,0
797e5585-9968-46a4-8edf-b234965e1d28,0
789777a4-c27b-4ba0-a413-bc7966fc7051,0
dcee07a0-527a-4dc9-81b9-6ccd950b250e,0
fd810ab8-1f1e-4088-90d1-06eeac4a2de4,0
0de043f9-69d3-46f2-af4b-2c8986b6c4ab,0
2b350a67-9653-443c-a61f-734d95fc2fe6,0
6dee09f2-760a-45ee-b716-d694331c3c17,1
5eae75ef-63e5-4a80-8c56-d0e3e3540268,0
9bc3b398-e3f8-4fac-8b49-334fd4320a17,0
4da9034a-b650-481c-8ec7-52d20d69bb12,0
707884ce-50b3-4de8-8355-66caef312bf6,0
4be356a0-4955-434d-a748-2cc9d6b6dae9,0
f10dae93-9f31-40fd-9b1f-962ae41a9ff8,0
abe1e4ec-1ddc-4c87-9b40-31879c5e6b0b,0
a7c61cf2-a497-46e8-8644-804385049db2,0
ed5cfb59-dc29-411f-a97b-b528e100c1db,0
d951c8c0-fdab-40c1-a9d9-9c8af367ddfb,0
b78c4558-7e6d-4028-bcd9-38be61c2e321,0
645f4bcd-162b-46f7-8eb3-06fc11d7caa3,0
5c47a86b-6154-4a6f-8d48-0f68e52aacbd,0
af25d671-31ca-49ab-a5df-40469a7e6d38,0
f22162e6-462f-4c2e-b8ce-e8e085136e92,0
3675955f-4817-4745-aa7a-b3cd92f4fb59,1
e2f6ab10-752f-4802-806f-240e2e34629d,0
99a7ff2f-bd68-4152-9ebf-709a6c603f3f,0
dc17bfc4-bf5f-4a14-bd3c-4437a6e41e43,0
35eca77d-dd96-4e60-a067-9fe137f4ab39,0
401c73a1-d04b-4716-bac8-0655ea36fa50,0
5aa6edc1-b983-4804-a459-8c8e2c8e0ef9,0
e1d38505-9ae8-42de-832b-9ba694a29dd2,0
eba7fe0f-9bea-4f61-a4b3-8225719cb222,0
da79bc7a-73d4-4106-91ec-0d748692b2d8,0
f9dd69f3-967d-400f-b1b1-be51e11bcf9e,0
5c2f228a-96b9-47bb-a034-3f0cc4871077,0
838a5ed0-3998-45bf-a1d9-9ef3c694d413,0
d6fa8b13-e4c8-4741-96ab-b75c30ef212e,0
7a45ba4c-d0cb-4300-b09f-b000accc1231,0
d218e6f7-0292-400e-8f06-484a976fa5d0,0
34c1ef8e-ee06-44da-ac6e-6243e0b6b0b0,0
659697aa-4362-4490-b210-7347820fd34f,0
fdcd2104-f5f3-4382-900d-892032e667fd,0
257ab2de-c97a-4eb7-8508-c1b04ae102df,0
54c5bcee-43e1-47f3-8c50-8ef24085b67f,0
9c530a8a-52f4-4fde-8612-bbd7658e2692,0
162f033a-1795-4b5d-bc70-1eee96c480bc,0
74cd7448-edde-4079-a32a-00e538f09d3e,0
c7309b11-2ae6-40da-8f4b-ca6172befbc5,0
45e23adf-2c3a-437d-bc13-0d7cbd1de373,0
0dd8292f-d1ab-4287-b3ec-78775c0b391d,0
2b005914-84cc-410a-8cab-9c7f91ad00e5,0
c323b405-c3a5-4ff9-8b38-25db904da7b7,0
b11f33a5-1e93-4385-9e3a-5c1c32bd3e96,0
b3fae798-60a6-4bee-a942-ddc5b8fe025e,0
997cacc3-fed2-40dc-9189-98d6ddeba8df,0
c273df3d-344f-4b6f-a796-c32090f501a8,0
0b39655a-c27f-44dd-b7f8-728257bf8c53,0
a6bdd068-9789-4b40-b9cc-1a1e6cce0d9f,0
d0b7b61c-d835-4df2-ab25-b05c0e0611e4,0
6fcf7e12-64a4-402a-b950-27ec7886b68f,0
713ce896-4dfc-46ff-a2a8-0077d6176d82,0
cf8c2779-c84d-4ee4-981d-7407846f9124,0
4b568838-7d93-4422-876b-14060223ab71,0
ef30e590-84c9-4785-b3be-bd96dacfeef1,0
db5783e6-2df9-4e41-89c9-b2276445a5cf,0
5ef23a68-b65d-4b69-a8e4-3ef203514466,0
8bccc027-a946-479c-843b-7afe69d6f80a,0
b2a707d7-d6d7-4361-8bf1-91d8d8e20b7d,0
fb57deda-231b-42db-aabe-1d4f0335f15d,0
dffe0465-3ed7-453f-9eb8-ae654faa9fcf,0
7397ef4f-59e4-4779-8da7-ab77bc265336,0
fbf9ea53-b685-4761-982d-dac9e2f83142,0
ac3941e3-1513-4a9a-8147-bab19e546680,0
f22ae297-c178-4396-9434-6aff8277e6b8,0
0b78ffc7-cdbc-4ee0-8b97-433803c51602,0
b54a034e-e370-4fad-b797-b1459323ce23,0
19bdf06a-36bc-4324-88ce-4a3ade4b5eec,0
08af9812-6001-4b59-af72-e0d8011c9867,0
8152654b-20ae-4ab2-b52b-872c7cbe8f09,0
766d3a65-6fa7-4f74-99b3-9be341f1f1ba,0
6fe94839-8770-4b11-979b-ed792d0f8b53,0
eae78d16-33fe-4439-901a-1a3bfa3580b5,0
7454d701-fb60-49ae-aa92-45329fc5bffa,0
bd7cd5ac-4639-4009-b322-7574702b27cc,0
e850d24f-63d3-4c4f-9192-9f3ba9f5e3e8,0
9f8494fe-b365-4783-9e26-f6a732dbefbb,0
06a58ed6-d795-442d-b74d-6356f46a7fb2,0
6798f3fa-5398-4172-aec3-17e258ac0d71,0
d119db80-9bd2-4a79-86cd-23a6bda33845,0
ebb0499a-1f2d-4218-9ebc-63525aac2ff3,1
10135518-8b8d-4734-9cc4-79cd28f352d9,0
cb1542ab-b784-4911-bbdc-ff1b5413e294,0
c4e1a819-9cb4-45a2-8128-a5435ad9705d,0
0031752d-b872-4580-9cc2-400da66caa62,0
df08ef74-0e2e-4af5-bda7-3f26eae2b81b,0
f86352db-8d72-4477-b25a-b2a0baeccf04,0
a6873651-f1cd-48ab-bc74-c1ef706b26fc,0
e6a60922-5823-49be-8607-eb90999a8cbc,0
c248afbd-a689-440e-8751-d962264b94ae,0
5cd78b31-58e3-40f8-b2fb-48d72c4d3938,0
015311a9-f9be-485e-a5c1-095d3faf2e92,0
0c5c79c4-26d3-4eca-97ab-276f4205f129,0
35f8b77f-5294-425e-9cf1-2852ca5916c8,0
dd304911-233e-41a3-b66b-979ffb872fd2,0
1816a5b0-cfbd-46e1-b625-2ed815172da1,0
dde6eb45-f643-4be8-839d-66b6fa65593e,0
7e90bf67-f0f5-4d4e-a9a3-1675c817f24b,0
39ecba68-fe1d-456a-8554-b79bdc1d9e18,0
9ce27c9e-4fda-4d51-9851-bca72e527246,0
0922c16f-b2f8-49e8-be5c-aca2ef1d2dc4,0
d4647467-7ae3-40c6-ad14-a11b9c614c70,0
10fc04f4-e10f-4b59-b5b8-874eda1d0be2,0
35113cab-d432-4b54-b3f8-d69c3bf3a6d2,0
2e0050b7-630e-4e7a-9d24-8bc0139c22ca,0
0d552d2c-8761-4132-baeb-40fc8cfbdf02,0
d4d21f16-0c4e-4823-a73f-ede5a1c22f24,0
5bbd4432-2857-4a00-9edc-c333e3044119,0
650d13e3-54f8-4e40-aefd-37ee74a44576,0
95917b75-3a82-44ce-b4cf-b71317d8c4b1,0
c1080975-78a1-4f65-885e-d861ffcfdc82,0
419aa86d-9537-4f30-a196-c986417e87d6,0
e08f27a5-1465-45c4-b79e-a6cb14596c11,0
72921592-0651-4867-9469-7e58945a1d34,0
f192e9d8-284b-4db2-a6e0-a71b5d65c09a,0
541b9318-be93-48b8-85ad-2d2ca1ad3591,0
eee5e77d-bc93-4ae2-9122-3d8fa9e58529,0
576bbf0c-c269-4ed6-ba57-4bd6ef67d403,0
6a5966a7-4031-44f8-b77f-5767c6d9140d,0
d7eb4351-dedc-4994-86f6-428147bd607d,0
aa9af8ec-e02c-4114-825e-ef7c502524a5,0
23328fa2-51f5-454b-aa64-6a1421b3829a,0
f1d85b1c-d818-4d60-8995-b403176736f0,0
255ca981-6e8f-4fd2-b31c-3d21c3cada7e,0
3042f2e6-6785-4e98-a9e9-b2eaa25ac785,0
e67053bd-558e-4d0c-9baa-4fe8fc944b2e,0
b22c5fb4-f635-4df4-8817-28a536537d91,0
4b0cbe48-fdab-42c8-9463-4c8c52a1bdca,0
524e3229-2f85-43f4-a2d0-7de02da0e91f,0
4fdd3f5c-c2dc-498b-8a2e-315ac6a46154,0
7355694d-ad08-4098-94a4-c8e55f391bf3,0
8d6df9e8-1868-4370-920b-104b9f1dd996,0
7af895a9-25c3-4ad1-a4c6-2ddc4442c17d,0
9eed8edc-d232-4cc1-8c10-ad17d9dce1c4,0
8b458015-9a66-48db-8126-172a57c7772c,0
7752c775-c1d0-4470-bc38-55496ec4c014,0
7fb0f25a-349d-4c9b-bee6-6e4bd3513d35,0
01f9a113-b3eb-4811-af19-7924065137e8,0
a965e62c-30f5-4bd9-a86b-2b15ab04ab56,0
b50712f0-bf49-459c-b532-b5637ec2d448,0
4d57be80-c61b-4c14-aad0-e9f5e358342f,0
accc31c4-b05e-4a4a-b4eb-e2c6439cfe71,0
4beb7928-a211-4bad-9031-faf1c4182d7a,0
6eaaa281-5e17-4e24-8e5e-646eca426d7d,0
1eaea424-acf4-4632-a83e-eaae3716b047,0
b7373e28-93ed-4ecf-9c56-e26bf551aeab,0
fa56d970-9563-43bc-baae-8248d40a4ab7,0
ed904cca-c370-4e86-b407-025149e38b43,0
ab87620f-61e8-4bb8-85d2-d30d3c343647,0
694ade5d-a8a0-4a73-88cd-b8d253ced38d,0
eefbd7f0-2504-410d-9b5e-b605a70dd4c8,0
2f8179eb-62fa-4156-ab05-d383217fb844,0
59fd5912-d5ed-4ac6-9d0d-6c46797c36d0,0
a520631b-e5bc-4a25-bfd4-eb3750db47b6,0
0f10be05-25b9-4174-845c-8cb67baa5c2f,0
4f9949c0-e898-46a4-ad62-9ecb7558d9da,0
d89a2515-faa3-49e6-af10-0b0bfec1f9a0,0
09843dc9-0fe4-4ad9-b734-206a0f323c25,0
b368d148-182a-4891-a406-6c439b21c1ec,0
7990642b-3933-4afb-9457-366b8cb4a0b3,0
09bbfe34-b389-4451-b473-2c8d9d80d794,0
1cbabd29-92f1-465d-8ebe-22a7e5277d6f,0
926ae701-8682-4edb-8952-ff90da4661e7,0
0ea68dc8-b5ae-4f29-b070-a93749332b4a,0
9829baa8-c03b-43b6-9b19-e04548a96656,0
7846a99b-8feb-44e6-806d-babd69224953,0
f7f89cdc-c8fb-4021-8d04-f139d6ca4223,0
5ae9ae07-c53e-4a11-9ece-ab2ba2637def,0
86113e98-ff09-48bb-ab95-8b47137197fe,0
ab09ce30-3e9e-4603-aa92-0e33601986df,0
05087b9a-411e-494b-bc65-a794b7cb4207,0
c2ec8ff9-b1d3-4d3e-83f2-69177dac4656,0
0ed72e0a-7bb2-4c43-bf78-71ef24d02f7a,0
5ee0dafe-3439-42f8-8a75-a58e5c0e3541,0
895f9c2b-2200-4417-b17a-1ac250338f07,0
aefdd935-c935-44b8-a4c3-12941eafa8ea,0
db183518-d615-4321-b3fa-fba151c6bfa9,0
e597eae8-da5d-450f-96b4-bf746f74b3e8,1
0d3fe45b-6d79-487b-926b-cae2727a7311,0
792f2b68-4b51-48a1-bffa-8a25355f72e2,0
1b616d41-49ba-4ac5-bd80-62c07e94389f,0
5e634b0c-7764-4ec7-8869-9f037ffa9a6a,0
bab20b13-7f2f-4138-a97d-f9599de4ff98,0
b7763647-d886-4479-8c4c-22f67d41fed5,0
a6082fdd-f528-4bd9-9f62-afc643b96843,0
9cd521f4-d09e-4ad1-938b-086821a8f304,0
05f41a63-08ec-49d7-93c2-5da72aebdfa6,0
52ce1378-438d-4f3a-a5bb-92091bb3cc0e,0
fdd3597e-1196-4cd0-bbed-3b0385d6b70f,0
f8e5c51b-705a-4241-bc9c-8c08ea732996,0
94db130a-182d-4185-92ea-b455ce136a9b,0
51086e2e-1e49-47b7-b060-70034ed195e2,0
9a78a26f-0548-4d62-ab11-0eb98aa0998d,0
a93be7c1-8452-4caa-bcff-1580099061fa,0
1d6c2df9-9f31-44b0-89f4-b5bda6cdc499,0
688b1abe-ebba-4322-ade9-115c8003f2c5,0
94536072-9c4d-4eda-b743-4b6997060da4,0
438f6a2b-eddb-42c3-a8cc-57299b3558d4,0
a8788a19-9fde-4deb-9eec-e4fd58052f4b,0
3b23aaef-a778-42b3-a002-a9d332a92685,0
88e37362-eac3-421b-a0da-3221c57dc52e,0
b3b5c863-06b3-416c-8bcc-75f8c74876a5,1
3e8fe92c-ba6b-4206-93e2-8d3f5a8ff972,0
76cb9467-bd0b-4f43-8b1c-f903fbd32c85,0
58c5c54c-7d46-487b-abac-e2630f6207c6,0
db923179-5725-4a99-8ddf-ff42cfab50de,0
2181dba2-fad8-4be1-a434-523da39a0d08,0
270b6217-2dcd-41db-b9df-2ac65b1556ed,0
0f1242bb-c6ac-4241-85a0-d1895d40f625,0
16260bfa-e752-49b2-9021-9585727ae238,0
67015f17-744d-4c5f-80d0-1bdae0f79a3b,0
6f64a6e0-5cb6-4de9-9600-6b0106877f63,0
1d5a1c8d-c5f8-450e-ae71-ff07e2cdea1a,0
5cfd8141-c1e0-47da-b15b-4eca6697eae9,0
28b0aecf-9658-4af8-9f9f-4a7a4e3e61be,0
9771547d-3055-4ab5-9f28-272170ee8cfd,0
b8a5114c-481e-4ded-9df9-df244a93625a,0
fcb214d9-39bd-41c9-95db-5a30aa0369d2,0
b5c98fd2-5622-4cfb-a216-3988d7f46b04,0
c5bf956b-baa0-4edd-b2e6-835823f578f8,0
b67e0bd5-ea3d-4552-b1f4-46fc96442d38,0
c52e5699-8733-4713-a193-07be555e3701,0
eaa9e725-0ec8-41bc-913c-2edbfd86e069,0
5d61781d-0182-4e3e-97b4-6cb7d48e8ad1,0
660424af-d229-4ce0-973c-bdff6b77ac44,0
cf24a960-82da-4d7d-9d69-d5d4c677a215,0
360bb363-4fb4-48f8-b5d4-3f390fb176f7,0
1b66a078-8f58-4e8a-a227-a6b3df9f6136,0
3055d1b2-a2fd-4c7b-bf62-3ff5ad1d114e,0
baf90600-3ebe-4c87-87a9-2d469280c8d1,0
d6ff7bba-ca94-418f-83eb-aa7f5f458ac8,0
79d978cf-4049-4ea2-b5f2-fb952937b77e,0
eb880777-3ca2-41b7-af2f-3799860f3e89,0
3772c769-1999-4991-98e1-50d04b73c8ea,0
d9563e40-e01c-4e56-8cf1-65e2625a88cf,0
53ac1bfe-3c03-442e-92ba-3a3c92638c2a,0
61944195-d8a3-4338-b409-536b3f1701bb,0
93f5b47f-38d2-41bc-a9ad-b721e1c91439,0
ebb3fbd8-3e43-4765-9f44-129ec16b6477,0
152c7770-dc28-4773-95da-81ddf04e090c,0
2c8b84ab-cf65-4e92-8679-6c33c7a835fd,0
42f3864a-c70a-4eca-a640-876e59380e58,0
5e3d1daf-4cce-4584-9c7e-59574d881c13,0
0c380d8b-ce7f-491f-a29b-8d6da3ae730c,0
e95d3c2c-7dda-4dfb-849f-ad1c64dbf4a0,0
ba38f415-8ced-467f-b811-6ae068ece283,0
09750fac-1816-4b36-8613-45e868ced4bc,0
4ad56473-31e2-4654-a886-53981249c58d,0
d3451e3d-f895-4a50-bddd-5f76cf841c59,0
c7a8d13d-f3ad-4d65-bc90-bf4e409c1340,0
c105384d-3534-4f92-a2e2-e2fc87bddb1a,0
4459ba12-c77d-472a-ab29-d1da5a99f279,0
436c595e-a478-4882-b123-5fbd56f2437d,0
8842dbbc-0b02-4b80-bd12-0e310cbdaa9d,0
e0fb7a03-f8a9-462d-b80b-45591fab585f,0
045a6bc2-311d-4e02-a05d-f13f08f67ce3,0
886932a5-5162-4f7f-b832-69ff3570e95a,0
4949c87a-2aae-4fad-bac1-401fd0326e36,0
91bd4da1-b5c9-44dd-b9cb-4078af69ae82,0
505ed5bf-849f-4e8d-8738-048393b74ac8,0
68cdb9c6-8a4b-4f98-a064-b82f8e6e0d98,0
7d4b6ea9-e4df-46a4-9723-d31e9505d513,0
b1680079-b5e2-42e2-959f-5933b851e402,0
7e13513e-7a17-45d0-9eb5-aa4ae1c02eeb,0
011da4c8-22dc-4f9b-bd95-42951f40cbba,0
32cd70e4-7f57-4675-8ca3-416c24bf6e83,0
0331c375-540a-47ee-8851-ef9de03244c4,0
49d39e4f-1020-4f1e-a4bb-d32b154bf71c,0
80ab8510-681c-4c40-9768-78bb77ab5123,0
ea37d1b4-7923-4a05-acb1-2b5ba755b091,0
67e9ec68-d5bf-4fd3-b6a0-4392fb03021d,0
95b0216e-1d4c-4535-8b11-b94e7e3fa4a3,0
11485b9a-6f62-4812-a9b0-88277834f100,0
622360c7-bc3b-41c8-ba0d-f9d2e09b661f,0
01a3bd72-13de-4d76-bc63-48e14fecd7d7,0
abec90a6-ee90-4019-9c2c-7b0fff0cb4f8,0
b0cf5b30-d051-42fe-bbc0-44bbe0a62a35,0
64fb8ee5-8fa7-4eed-8c9f-2714e8299c29,0
ff304cee-4057-4965-bdda-efb51249e0df,0
db54a9eb-c595-4156-8898-124588ef070e,0
d0b5877a-e591-4179-8615-23c6581c7daf,0
ede7be71-e19d-4c69-b64c-fa567d017174,0
c347ddc3-74d0-41d2-ab0b-786ed0f9c8a2,0
a8c807d2-7791-48f6-af76-f36d3934410e,0
0bfe5b65-555a-41d3-9a20-db8c5ee1f18a,0
834eb286-3609-4a48-a180-92775a3cc320,0
c6ad0566-9b01-4092-9c11-a57254ef9661,0
98761522-5c3d-4884-a15f-0afb1774337c,0
e467825f-33c1-4f7b-a6fa-93d105945797,0
3957028c-e4f4-45dd-a0a8-765d234ab47d,0
3fabf946-3ba3-4706-906e-cf1f54e7abd2,0
353bf8aa-cd9c-4134-961c-abee62e6144c,0
2b5207cb-3ff9-4138-b3d6-ec25d88d55f3,0
1c389d39-9cf5-4033-822f-332e9f86d348,0
185315b8-55e8-460f-a482-6b4f917143dd,0
1d75d67d-7aa7-49c4-a0ab-914b952e5596,0
045aab7c-a53a-453b-8f0a-e371f0da8e99,0
124c9938-6e93-4868-a812-fd4912b36136,0
6d420e3a-16b9-440b-b040-ed2f299f2a01,0
1b4a2e82-c04f-4d3d-a6d9-95bc88049062,0
f3ef1594-eea1-4f69-be04-6b4f2bdbd826,0
d36f429e-27d7-4948-ad8c-36e076b563f5,0
31aff6ea-4734-4c4e-b966-a58b131dfe76,0
5d726a1d-b01c-40b6-afcc-af78ad31d1f2,0
5f92c932-54a9-4fa4-a514-0a3956fb3e3d,0
798b0897-14a2-458c-a943-e24ab08f1324,0
cc84fdf4-045c-4151-a566-f0910c8050dc,0
75b8bb4c-36de-4163-8f85-d77a397664fd,0
3cb6aca3-c55b-40fa-8cac-522c7b6fc6de,0
9346f163-dfb9-4310-b2f4-973f958dfa8a,0
04ed8dee-8078-4684-b6eb-ad9aebcc6b7d,0
13a2b1a6-f2d9-4745-ade1-63ca9ca9094d,0
b95ed5dc-bb6d-4de5-ab38-7be15f197e29,0
fc4541af-994f-438e-8e19-58a6d11ac728,0
83cfbbed-e3a5-44ed-a347-5ca83340b031,0
a96a3b62-327e-4e9d-86eb-be8d213df538,0
1b253aed-4fc1-4e36-abd1-289273164430,0
fe4ba68f-221b-4024-b833-f8a56bf8fc2f,0
d543ca73-c34e-4fc3-bc66-f7f49b95931c,0
332ddbce-e6cd-4f2e-b849-acc5c50a9d92,0
94333f9e-b030-426b-88dc-1e8cc7ebbf89,0
63305fb9-43a7-41bf-b3cf-30a23af38639,0
42114fb3-7d28-4c62-9b45-61d9ce33d2e7,0
4715f21d-fdd0-46c3-83d6-0ef03db1c4e7,0
33f0ee54-9f54-4e52-b3ca-d3e78e2fbea7,0
27cde850-315e-4ff4-b325-54e54de5c5fd,0
b6458d09-4e19-4857-85ae-8e3457eae8a7,0
f7e22c87-ee00-42fc-8cf8-6b51bf72821e,0
178a988e-731c-4717-93f0-ff60b9508693,0
2c88340c-4246-433a-acd8-a481667891d4,0
fb286489-d527-457a-a78f-8b8996f63e1d,0
8c812fc8-dfd2-4158-9a45-6ab3bb5b62c1,0
a96b395f-95ba-4b2d-a594-da725bfaafee,0
78c12463-8578-44fa-afcb-50474a1207be,0
88c8fe51-1d2c-4fb9-9ae1-669fef42bd95,0
97bcad56-b18a-4831-9193-f76b2ce28ec0,0
67b60d83-327c-4cfe-b319-3f18892bb42d,0
2742f86d-d5bf-46fa-b52e-7c588861f850,0
e25b02d2-c177-4c03-a411-00acdcd37677,0
7a19beb7-cf62-43ce-b14e-a9e3e437569d,0
aef63b7e-7fd6-4027-9355-ce544ee548b3,0
0ba24db0-8cd8-45cb-aea5-dbc005d2c607,0
d3923928-a3b5-4a85-b1fa-38f134f305d6,0
14d47217-1692-4bb7-9c42-e8b9ba8dfcaf,0
5b4938bd-8c2a-45e6-8a8d-1e634bb1e048,0
01b2ed74-6e3e-414f-8610-d20116fb6468,0
63ecc34a-d25b-4ac2-b25e-54233c51871e,0
f5573140-00d3-49e2-8649-d87942182504,0
1f2d12b0-dc43-4f67-ae8f-d4c168c5935a,0
2359f46f-c3ad-44e6-b8fd-3930b1d540c0,0
305706e8-a8fd-4c0d-a0a1-75ef14b809d5,0
543da88a-0c45-492a-8c4a-f313251bd826,0
8f02fb26-baca-4567-acab-247122218bc5,0
33c3a470-3b8f-4c1a-be6e-823a66341c51,0
fe33f1c4-1023-452e-a8f8-9c19182c8230,0
ab28a1ae-7893-4e93-a5cc-d9d2e9f02032,0
067b2ef8-dcba-42d3-a979-44b77216ffc1,0
237e2470-35e9-4b86-87a4-cca2db65b350,0
11b1348e-598d-455e-bd9e-7819c02475eb,0
e070a9c6-7229-4cf0-baf2-691f1768b513,0
55fa9240-9ceb-4730-b065-b4835d593494,0
1a44c92a-2a80-4fa8-aae8-8da3086c279e,0
155937e0-29ee-4a16-8285-e54e211df266,0
61775a46-2405-495f-abc0-82ecca90e70a,0
8d5e36bb-a46b-4f0c-b7e7-6af942b8321a,0
59c95d1e-df53-41bf-bf52-577e4e7eae03,0
1f9be93c-2e25-4d85-8e28-83c60b7abeef,0
4e559742-9112-49a3-b77b-ac19fe5e669a,0
0a461e59-f184-4f5a-9b30-4ed9e6bb3924,0
eead7a27-81f3-4f0c-8b29-84f06fc5b32e,0
bc44d6b7-af04-4a69-aed8-86c75a359a9b,0
29e266e1-a83a-46fd-81b9-444ee54ab33b,0
32cb9a4c-e816-4710-b21c-6bb3119bb59a,0
0c9bbf28-e0bd-4015-bfa3-5dc98d422933,0
3c2c23eb-6498-4899-99ef-e9fb752c0361,0
dddf8c49-6309-4725-b924-383c2f5b7dc6,0
07564f3d-6cca-4b5e-a671-fd3d6c7d92bf,0
4313ade0-1090-4ea2-82ab-dce20efea228,0
6d45b710-9f15-4699-aadc-a010e53a6b4b,0
1fc152cf-36c2-4942-9eba-04f8ff615bc1,0
4a37dc7c-dcb8-4ced-a328-2d8f6f484672,0
af53690f-8dc5-4e00-9b4c-2da1835b09ba,0
00db460d-e53c-4a6b-b34e-d38e1b7743d1,0
731a1f27-dc03-4f5c-95d0-dba5680fc829,0
9b3aa4fe-eb51-4cf9-90ea-fa727ffcca8d,0
114f4836-be7e-450f-a533-c22c0e3230c2,0
d61a514a-d7ba-4288-93b1-4685108acc73,0
5a59f355-83d3-4f2e-9089-6b9bf25f7e74,0
d9adc391-9464-4339-b197-b4d6cd4f828a,0
25447926-a7fb-4efc-af95-70c0eae3cc8c,0
79f5cf2b-d21a-4e88-b4b5-f067b1634fc0,0
4479440b-c5c0-40e1-ad6e-cd339099aca5,0
f021a04a-9df6-4be0-8451-700fd475c6fa,0
7612e340-0467-4da4-a2a3-57930bb99eac,0
160bd863-b321-4199-9220-7acec097f2d3,0
